{"cameraMode":{"drawMode":0,"name":"Shaded","section":"Shading Mode"},"sceneLighting":true,"audioPlay":false,"sceneViewState":{"showFog":true,"showMaterialUpdate":true,"showSkybox":true,"showFlares":true,"showImageEffects":true,"showParticleSystems":true},"in2DMode":false,"pivot":{"x":977.7324829101563,"y":-280.34185791015627,"z":1502.160400390625},"rotation":{"x":0.07245135307312012,"y":0.26868900656700137,"z":-0.02036009170114994,"w":0.9606083631515503},"size":1899.01220703125,"orthographic":false}