{"cameraMode":{"drawMode":0,"name":"Shaded","section":"Shading Mode"},"sceneLighting":false,"audioPlay":false,"sceneViewState":{"showFog":true,"showMaterialUpdate":true,"showSkybox":false,"showFlares":true,"showImageEffects":true,"showParticleSystems":true},"in2DMode":false,"pivot":{"x":0.0063811540603637699,"y":1.2999999523162842,"z":-0.2610478103160858},"rotation":{"x":0.002300964668393135,"y":-0.9835194945335388,"z":0.1817207932472229,"w":0.011479449458420277},"size":5.62114953994751,"orthographic":false}